"Status","Start Time","Stop Time","Duration in ms","Parent Suite","Suite","Sub Suite","Test Class","Test Method","Name","Description"
"passed","Mon Feb 08 11:00:15 CST 2021","Mon Feb 08 11:00:15 CST 2021","1","","test_allure","Test_search","","","test_link",""
"passed","Mon Feb 08 10:53:59 CST 2021","Mon Feb 08 10:53:59 CST 2021","1","","test_allure","Test_search","","","test_search2",""
"passed","Mon Feb 08 10:53:59 CST 2021","Mon Feb 08 10:53:59 CST 2021","0","","test_allure","Test_search","","","test_search1[3]",""
"passed","Mon Feb 08 10:47:49 CST 2021","Mon Feb 08 10:47:49 CST 2021","1","","test_allure","Test_login","","","test_login1[3]",""
"passed","Mon Feb 08 10:47:49 CST 2021","Mon Feb 08 10:47:49 CST 2021","0","","test_allure","Test_login","","","test_login1[1]",""
"passed","Mon Feb 08 10:47:49 CST 2021","Mon Feb 08 10:47:49 CST 2021","1","","test_allure","Test_login","","","test_login2",""
"passed","Mon Feb 08 10:53:59 CST 2021","Mon Feb 08 10:53:59 CST 2021","1","","test_allure","Test_search","","","test_search1[2]",""
"passed","Mon Feb 08 10:47:49 CST 2021","Mon Feb 08 10:47:49 CST 2021","0","","test_allure","Test_login","","","test_login1[2]",""
"passed","Mon Feb 08 10:53:59 CST 2021","Mon Feb 08 10:53:59 CST 2021","1","","test_allure","Test_search","","","test_search1[1]",""
